{
  "fold": 9,
  "num_samples": 172,
  "overall_accuracy": 0.8081395348837209,
  "per_fold_overall_accuracy": {
    "0": 0.7848837209302325,
    "1": 0.7674418604651163,
    "2": 0.7790697674418605,
    "3": 0.7790697674418605,
    "4": 0.7558139534883721,
    "5": 0.7848837209302325,
    "6": 0.75,
    "7": 0.7558139534883721,
    "8": 0.7558139534883721
  },
  "lineages_evaluated": [
    "Biliary Tract",
    "Bladder/Urinary Tract",
    "Bone",
    "Bowel",
    "Breast",
    "CNS/Brain",
    "Cervix",
    "Esophagus/Stomach",
    "Eye",
    "Fibroblast",
    "Head and Neck",
    "Kidney",
    "Liver",
    "Lung",
    "Lymphoid",
    "Myeloid",
    "Ovary/Fallopian Tube",
    "Pancreas",
    "Peripheral Nervous System",
    "Pleura",
    "Prostate",
    "Skin",
    "Soft Tissue",
    "Testis",
    "Thyroid",
    "Uterus"
  ]
}